id,name,popularity,duration_ms,explicit,artists,id_artists,release_date,danceability,energy,key,loudness,mode,speechiness,acousticness,instrumentalness,liveness,valence,tempo,time_signature
3UwHmazWbSeMrjYjoOWawy,Why Oh Why,7,108707,0,['Gerry & The Pacemakers'],['3UmBeGyNwr4iDWi1vTxWi8'],2008-2-11,0.346,0.822,4,-7.598,1,0.0348,0.00118,0,0.125,0.862,101.293,4
4ZuWANWfNdumZdkzyvoVk8,Seni Anan Benim I?in Do?urmu?,51,248333,0,['Ebru Ya?ar'],['0Qbd0AGWuzggX61s306wZN'],1999-6-7,0.753,0.814,6,-9.01,0,0.0633,0.478,0,0.0622,0.875,100.025,4
0G4ZaPpIGRSeSYThZzZ5jf,Blow The Dust Off - 2021 Remaster,0,172093,0,['The Hangouts'],['0FqlTcIArQz81zbJnkswx4'],2021-4-2,0.211,0.892,0,-1.555,1,0.0522,0.188,0,0.326,0.648,192.849,4
0FmCLEHfINGqwlyzvklNqy,Holidae In,61,314400,0,"['Chingy', 'Ludacris', 'Snoop Dogg']","['3s2wTjWxK8NOX09dmsvVOh', '3ipn9JLAPI5GUEo4y4jcoi', '7hJcb9fa4alzcOq3EaNPoG']",2003-1-1,0.81,0.791,7,-5.909,1,0.181,0.0893,0,0.0838,0.948,153.067,4
2gx2brtDo5GdQ9szHsd1F6,Love on sale(2005),2,258800,0,"['Phillip Boa And The Voodooclub', 'The Voodooclub']","['5yNrjeJnyfNVCSWIzTDC0v', '7kVd3KxoiPZ4BBUDT65kwA']",2005-2-28,0.59,0.659,10,-6.424,0,0.0284,0.00123,0.00067,0.0926,0.867,131.022,4
3Fv1f20Go5eQ39mOkt2qM1,Como Yo Nadie Te Ha Amado (This Ain't a Love Song),59,262333,0,['Yuridia'],['5B8ApeENp4bE4EE3LI8jK2'],2006-10-27,0.541,0.43,6,-7.491,1,0.0297,0.249,0,0.102,0.177,164.215,3
11YhatwfLK3KDERYGmkXc7,Je Sto Vicino A Te - Remastered 2008,10,222587,0,['Pino Daniele'],['2eFv7NVs8R6Go7msuqikeg'],2008-1-1,0.659,0.764,11,-4.704,0,0.032,0.647,0.00517,0.0956,0.724,112.681,4
3Q9Q9rYI2hwYZNl0Mmc2FB,La Gran Se?ora,66,252440,0,['Jenni Rivera'],['5c4wQaXkNDqSOTjqX4ExAu'],2009-12-1,0.623,0.398,0,-5.804,1,0.0457,0.605,0,0.125,0.754,80.115,3
5VH0Z3NahvFuYik15r7Gqv,If Only You'd Reply - Mono; 2009 Remaster,0,165667,0,['Cliff Bennett & The Rebel Rousers'],['4SwsfZi8Wl6WyKArywOjmR'],2009-4-6,0.565,0.963,9,-3.213,1,0.118,0.716,0,0.0924,0.837,110.444,4
6qUSs4FDzZUdAhY6JDIJfa,Who's That Chick? (feat. Rihanna),69,201040,0,['David Guetta'],['1Cs0zKBU1kc0i8ypK3B9ai'],2010-11-22,0.675,0.602,11,-4.733,0,0.116,0.00377,0,0.0458,0.933,127.938,4
0OU01HIJgtpkWLuwOb1tZD,"Demolition Man - Live at Irving Plaza, 2011 Remix",20,265533,0,['Sting'],['0Ty63ceoRnnJKVEYP0VQpk'],2011-1-1,0.211,0.875,9,-8.88,1,0.422,0.00734,0.00126,0.986,0.337,165.136,4
3W3KtDwAIg3mAruSpnfG3Q,Fancy,72,199938,1,"['Iggy Azalea', 'Charli XCX']","['5yG7ZAZafVaAlMTeBybKAL', '25uiPmTg16RbhZWAqwLBy5']",2014-1-1,0.912,0.716,10,-4.141,0,0.0697,0.0904,0,0.0491,0.377,94.981,4
25R2dgoo6E8e939yJUnD2L,"An der Elbe, Walzer, Op. 477",7,575093,0,"['Johann Strauss II', 'Zubin Mehta', 'Wiener Philharmoniker']","['5goS0v24Fc1ydjCKQRwtjM', '3FEd0qHPFOgcpfw7bCXB4x', '003f4bk13c6Q3gAUXv7dGJ']",2015-1-9,0.24,0.114,10,-20.959,1,0.0413,0.94,0.923,0.715,0.177,88.925,4
2ak8H9BJ9DATcTfEZcen2V,Viva Jamers,9,311000,0,['Jamrud'],['5lk9qdr0u90LwpeyZH8ib0'],2016-10-7,0.599,0.967,11,-4.456,0,0.0695,0.00154,0.000222,0.134,0.256,127.977,4
3DXncPQOG4VBw3QHh3S817,"I'm the One (feat. Justin Bieber, Quavo, Chance the Rapper & Lil Wayne)",75,288600,1,"['DJ Khaled', 'Justin Bieber', 'Quavo', 'Chance the Rapper', 'Lil Wayne']","['0QHgL1lAIqAw0HtD7YldmP', '1uNFoZAHBGtllmzznpCI3s', '0VRj0yCOv2FXJNP47XQnx5', '1anyVhU62p31KFi8MEzkbf', '55Aa2cqylxrFIXC767Z865']",2017-6-22,0.609,0.668,7,-4.284,1,0.0367,0.0552,0,0.167,0.811,80.924,4
5W6IJaxahjgx3YnRUWpAFS,I'm Yours,24,254480,0,"['Quincy Jones', 'El DeBarge', 'Siedah Garrett']","['3rxIQc9kWT6Ueg4BhnOwRK', '5xO4f5QyPMYnCPRyRveBSD', '7EVlecngyrLHfQUqFMpwkT']",1999-2-9,0.628,0.462,8,-9.321,1,0.0408,0.579,0,0.253,0.355,76.113,4
2eQPLfiQEos0sFEOZGRzQu,I Don't Wanna Play House,25,156493,0,['Barbara Ray'],['4kxdPfFuWL6fPZpkCRLKh1'],2000-3-31,0.552,0.265,6,-12.022,1,0.0312,0.663,0.00729,0.139,0.322,104.477,4
0YUwrzyUcS5wIYUWkXCAbl,Don't Break My Heart,42,230760,0,['UB40'],['69MEO1AADKg1IZrq2XLzo5'],2000,0.858,0.582,7,-6.735,1,0.0254,0.16,0.00577,0.0878,0.937,100.759,4
2AHMRwYQ6BlaqQjiTharHq,John Vuli Gate,41,355033,0,"['Mapara A Jazz', 'Ntosh Gazi', 'Colano']","['07iC6rj6LOxVbylqwbVPih', '1PVQZbVl2qjnSDoHF1PzQY', '02OOc2ZYid4CK1DJF5RXrI']",2020-11-13,0.884,0.679,1,-9.041,1,0.0581,0.00672,4.05E-06,0.0353,0.325,113.002,4
23SlyxzUtQtExgEButcOtR,Save Me,57,213933,0,['Shinedown'],['70BYFdaZbEKbeauJ670ysI'],2005-10-4,0.524,0.816,11,-3.49,0,0.0308,0.00044,0,0.0777,0.252,116.026,4
102YhppAbm0jBaafWUWrNC,Cosa Linda,49,296400,0,['No Te Va Gustar'],['4ZDoy7AWNgQVmX7T0u0B1j'],1999-12-1,0.742,0.282,11,-12.091,0,0.0513,0.842,0,0.0836,0.546,85.128,4
4XlaqUspMU73ZWXLG8Zlwc,Simples Desejo,52,283133,0,['Luciana Mello'],['0rzVUhvOIVNUbY6uKCpGfb'],2000,0.635,0.594,5,-9.09,1,0.0382,0.334,0.000901,0.366,0.392,82.013,4
4p9kCRGHu4d1tMvucVnjlR,The Controller Mouse (a Bear Inside a Box 2008),0,199523,0,['Blaise Kolodychuk and the Fukachuk Egg Machine'],['5GOUbnUpwmS7qodIi0yYyI'],2018-12-9,0.47,0.767,9,-9.45,1,0.0308,0.00194,0.558,0.0511,0.287,160.035,4
1LitgN2tFmNVEtLY6qh5SZ,Nueve y Quince - 9: 15,53,264040,0,['Aventura'],['1qto4hHid1P71emI6Fd8xi'],2002-6-1,0.898,0.579,6,-7.947,1,0.0458,0.353,4.17E-05,0.0441,0.961,122.248,4
2kVtMvrlcK5SRxZvdHgTzn,Mi Suerte,62,213271,0,['Morat'],['5C4PDR4LnhZTbVnKWXuDKD'],2018-10-25,0.645,0.662,1,-5.05,0,0.0444,0.235,0,0.107,0.486,83.003,4
3r7hDfVRB2QWmHeCDBkveI,Lintu,31,413387,0,['Timo Rautiainen & Trio Niskalaukaus'],['6sJ8TvVdY3NLFxtG4TESzC'],2004-4-16,0.451,0.799,9,-5.064,0,0.0346,4.77E-06,0.000654,0.101,0.275,99.602,4
2UL2wKmovIqf0GpqZ2Irjn,Gabriellas s?ng,56,221240,0,"['Helen Sj?holm', 'Stefan Nilsson']","['6M5pgjMS5dVG0hGRh5xADx', '2dkyZHLWCFi08dA86UDu1A']",2004,0.299,0.38,8,-8.739,1,0.0299,0.698,1.83E-06,0.0883,0.107,88.377,4
36W3cbAruouTDpcy4nelv4,Murheellisten laulujen maa - 2007 Digital Remaster,41,198813,0,['Eppu Normaali'],['6KbCFHgM4basg1TvK3oEzv'],2007-1-1,0.701,0.689,11,-5.764,0,0.0235,0.0624,0,0.333,0.6,98.993,4
3FgrXi0L9lkaFJlNy5NZ0k,Sexy,57,231093,0,['French Affair'],['6ja9fzugcFkIEIXRw3Ie1E'],2008-7-18,0.73,0.938,1,-8.788,1,0.0313,0.234,0.0923,0.124,0.937,132.002,4
2MFkd5GrtVgVPjq25yPJXL,Junat ja naiset,31,214667,0,['Jenni Vartiainen'],['6PP1ZiMzBbTeRqGvhr3pV9'],2013-10-4,0.53,0.807,3,-5.1,0,0.0318,0.0381,1.24E-06,0.278,0.469,135.958,4
73s4yuT0ROuf9qKubiZPNW,Jumala (Vain el?m?? kausi 7),39,171240,0,['Cheek'],['5ZZqIQ25HQmufjjf2trwFO'],2017-9-29,0.535,0.605,0,-7.657,0,0.246,0.621,0,0.12,0.157,199.688,3
6Sf2YqGzNmVfSNpLFWuYbz,Rave in the Grave,63,162733,0,"['AronChupa', 'Little Sis Nora']","['5vCOdeiQt9LyzdI87kt5Sh', '1KYt3TMGpa1LtVi0m2A0F9']",2018-5-4,0.762,0.724,11,-6.309,0,0.0624,0.138,7.71E-05,0.187,0.775,132.051,4
5LAh3ij3AWheivzQkr1yso,Kokonaan,44,201371,0,['Le Fvbelos'],['6xr6YWVsGo5k0sqwjgRPhS'],2020-2-13,0.514,0.622,2,-4.346,1,0.196,0.137,0,0.137,0.552,92.389,4
52PTPYaUA6S5MKOTeLjZhx,Ma Tika Mai Ra,33,268440,0,['Ruia'],['3Gih9WaGhyWJUnSMKDNCLi'],2004,0.626,0.585,9,-7.233,1,0.0328,0.709,1.05E-05,0.112,0.905,149.979,4
0t6onfqBIfDeWRvLs3KcWr,Soothing Brown Waves with the Pouring Rain - Loopable with no fade,55,93452,0,"['Calming Rainforest Sounds', 'Rainfall', 'Rain Sounds', 'Rain for Deep Sleep', 'Thunderstorm Sleep']","['6k68ndrj5Z7KnpOEjEAO1d', '7627ANNGANFPPvxcqRvGJT', '5nSGBmlgUdqWNExnOX8VtV', '5BFLLBEz1g8FcRjBLCVt3e', '1vOatyeFzcgIItylCnL80I']",2015-7-14,0,4.28E-05,2,-18.683,1,0,0.194,0.999,0.718,0,0,0
0xh1wMMZlPBqNWUukggBuo,The Air I Breathe - Mix Cut,3,97903,0,"['Richard Durand', 'Christina Novelli']","['7wne8sUhTAJdIsnuO4GjnR', '1dbzT291PCwwYJK0l3Tr1n']",2018-12-14,0.457,0.986,0,-5.864,1,0.0604,0.00593,0.345,0.393,0.384,138.019,4
4DTfQauneAY5cjuTMTfSMQ,únicamente Tu,42,155667,0,['Felipe Pirela'],['6PbZObu8NuIhiU6L0OzkZN'],2006-1-1,0.582,0.496,2,-6.605,1,0.0378,0.773,0,0.193,0.448,116.087,4
4PlpweXkbp3c4hKdGsKO6x,Solo por el Mundo,25,333507,0,['Pascualillo Coronado'],['7BMiW1HenojOTDaJd2zhHv'],2004-7-27,0.597,0.841,11,-3.575,0,0.0501,0.123,0,0.28,0.831,113.417,4
7G07TQY484AhgzClY09cnN,Alcatraz,29,257360,0,['Perú Negro'],['5PsVU8lua3ri94gDn7zUIY'],2005-11-10,0.661,0.855,0,-5.96,1,0.111,0.258,0.0337,0.0681,0.948,127.472,4
6bFNt3JwLfsICuBZ5B8l13,Keep This Fire Burning,7,157804,0,"['Bolier', 'Joe Stone']","['65NscqgsoMPqBtoLbkP3jD', '4kwEd1P9j15ZqUVP5zK7Pv']",2018-12-28,0.561,0.881,7,-4.082,0,0.0465,0.0821,0,0.148,0.288,123.886,4
5ZAZG0fluBK2b6i1kz5yQ6,Ya No Me Hagas Llorar,41,312661,0,['Zafiro Sensual'],['4Q7VM42mp4eSWFLxUE30k1'],2019-4-27,0.366,0.798,1,-3.94,0,0.0391,0.436,0,0.153,0.82,109.003,4
3omvXShuRPM3zbDpWYqf5g,MORE & MORE,74,199653,0,['TWICE'],['7n2Ycct7Beij7Dj7meI4X0'],2020-6-1,0.739,0.841,5,-4.162,1,0.06,0.0312,0,0.173,0.562,106.99,4
2BOOZcN1iF4EVlCtg3FtwI,Mujer Marchita,41,226333,0,['Jorge O?ate'],['36nvA2snEFUkDbg5qI0ZiG'],2003,0.696,0.492,5,-5.649,1,0.0499,0.766,0,0.0576,0.956,141.613,4
20VDW3yRg65hK41V4U6voG,Ya No Le Camino Más,41,211000,0,['Walter Silva'],['7x3BHoSTK3FdNwmFTL4Vrp'],2008-9-9,0.66,0.81,5,-4.231,1,0.033,0.799,0,0.246,0.921,91.009,3
4lDhN4WR0ryTf1dRoEJqEd,Nuestro Secreto,31,324773,0,['Yan Collazo'],['6D9rSZLgUiBRupCIsfhErW'],2013-7-2,0.627,0.701,11,-7.877,0,0.0449,0.481,0.00536,0.321,0.532,95.573,4
0yuDUAywAo7G3kz0YWQS0B,Tengo un Dios,47,201012,0,['Silvestre Dangond'],['3OcvS8PzSGYMBvLdzY6g3e'],2020-12-3,0.933,0.934,7,-3.159,1,0.178,0.275,0,0.312,0.913,120.014,4
2dLr9Ieg6vfD0WwQQ2ctRh,???? ??? ??? ?? ???????? ?????,16,428307,0,['Meir Ariel'],['3DsvjLwGTdkVQZwGH6dqlc'],2002-1-1,0.454,0.359,7,-11.518,1,0.111,0.719,7.55E-05,0.29,0.197,135.987,3
72VsZnbAJspmfEgRlvo0Or,????,36,224200,0,['Harel Skaat'],['3kZ7g7lW0eeBtoNxtw6zZY'],2004-12-1,0.419,0.761,11,-5.537,1,0.0424,0.29,0,0.382,0.348,147.783,4
3veP41hqImUDYUhBbnZG90,??? ?? ??? ?????,38,228213,0,['Maor Cohen'],['2vPzfdWIYB3zCD8qEIvMM0'],2008-12-4,0.399,0.711,4,-4.316,0,0.0312,0.0038,3.48E-06,0.254,0.263,76.389,4
36vmx2QARfQXOQb9yrYbn4,???? ???,25,234693,0,['Moshe Peretz'],['2kOE3Jm5tMqLh65EiDkHJi'],2008-1-1,0.571,0.949,0,-3.662,0,0.0333,0.157,2.46E-06,0.133,0.87,120.03,4
0lFlZTOcJLnHrOUGz7X47q,?? ????,19,91813,0,['Uzi Hitman'],['4u07BYy4XMvytGO33GYKrQ'],2008-11-1,0.75,0.668,9,-7.099,1,0.0396,0.797,0,0.134,0.667,94.335,4
7u2wm0kKgZwrZJ2imWAj9p,???? ???,35,210293,0,['Ishay Ribo'],['3VTm1513t2LL1mSKzzyQuj'],2016-3-14,0.576,0.76,10,-8.267,1,0.0333,0.027,3.10E-05,0.378,0.44,151.074,4
3I1WAraNkbLEDxpCDaipRg,?????? ??????,41,193965,0,['Omer Adam'],['1IAEef07H0fd9aA8aUHUlL'],2020-1-1,0.548,0.52,7,-7.553,0,0.056,0.373,0,0.128,0.445,159.726,4
4SbVTkTVPaYY68x81JYCke,King,0,225200,0,['Years & Years'],['5vBSrE1xujD2FXYRarbAXc'],2020-7-3,0.552,0.854,4,-4.47,0,0.0487,0.0507,0,0.382,0.446,120.143,4
3PPHPKtda5AWLnknzBXu67,Hablan,46,205453,0,['Dread Mar I'],['1aw0Cdl1DIrtUrUA6fGbAR'],2007-5-1,0.773,0.412,6,-6.864,0,0.0468,0.231,3.36E-06,0.105,0.947,168.303,4
0949d3CMOa8BJUrsZ372pZ,Pon Aceite En Mi Lámpara Se?or,37,113398,0,"['Nuestro Legado', 'Iglesia de Cristo Ebenezer Honduras']","['3kCUp3XSMHD9Ua3lQOeu43', '1NZvTCQednmj9pWf0hwyLD']",2012-2-1,0.484,0.959,4,-4.967,1,0.0844,0.00362,2.55E-06,0.408,0.707,170.082,4
2sUknbm8xdLQgH7wb8xcTX,Por Mi México,71,218250,1,"['Lefty Sm', 'Santa Fe Klan']","['6eXHRfK9Ad3IpMpSAqvcDf', '4tm8CEdm4pkQsEh4jIr9Yp']",2020-6-19,0.782,0.662,1,-6.809,0,0.178,0.0345,0,0.216,0.821,80.008,4
2PHltMN9ECjHHo5qXx7Ox3,Mano Juokas,13,237326,0,['Sel'],['3x5BNVdaDxbzqEQOxPoQ5F'],2000-10-21,0.73,0.934,4,-6.594,0,0.104,0.0258,0.0152,0.115,0.572,133.098,4
7tnrwNBQWYExPuDV2WJBQL,Lendo - Calendo,47,211331,0,['Dan Balan'],['19rUh2xW9SuBUv5BflsdKq'],2013-7-23,0.592,0.949,6,-2.526,1,0.189,0.0881,0,0.266,0.539,112.014,4
0rMQ6rYjBveWB14UWapbL5,Патамушка,58,138838,0,['Мэвл'],['13zU7H0gYcY7xiy4W5DnPF'],2019-12-13,0.902,0.853,7,-4.608,1,0.131,0.0494,4.98E-06,0.0717,0.882,148.059,4
137SoQhzhrIq8KdHqhV6Th,Хубба Бубба,49,198434,0,['3-ий Январь'],['3SD5l2Q4EEHILJ3Cs7T2Sd'],2019-10-29,0.794,0.547,10,-8.442,1,0.152,0.745,6.12E-06,0.102,0.424,143.914,4
2rUsJXt4NeeDiIU6sBvrxo,All We Got (feat. KIDDO) - Ofenbach Remix,73,129814,1,"['Robin Schulz', 'KIDDO', 'Ofenbach']","['3t5xRXzsuZmMDkQzgOX35S', '5pXe6yFchq1oyYK3rq2A8i', '4AKwRarlmsUlLjIwt38NLw']",2020-11-13,0.803,0.796,6,-5.077,0,0.0343,0.0522,2.69E-05,0.25,0.549,114.95,4
49YRZyiiLtSgz6jCYyx0Cw,Rumbo,18,134867,0,['Braulio López'],['2liI7Y4mQ4W2Dxa280TXkt'],1999-3-7,0.735,0.536,6,-8.27,0,0.105,0.602,0.0109,0.178,0.523,86.538,4
4HXdfdOSjOxJ9JxfrJoZ2J,Como una Ladrona,13,246613,0,['Sonido Caracol'],['2QoRWNLJ6A9M8f9F0ovGcM'],1999-5-14,0.539,0.404,2,-10.969,1,0.0421,0.659,0,0.192,0.93,176.545,4
2t2mechUC2Kse69BHhyiDJ,Dangerous,33,246053,1,"['Kardinal Offishall', 'Akon']","['5P2rwRBgIN450RaJxdjYdA', '0z4gvV4rjIZ9wHck67ucSV']",2008-1-1,0.95,0.785,8,-5.956,1,0.0764,0.0043,0,0.0816,0.812,117.004,4
04HwcyaT3up8ewCX9iILIY,"Elena, Elena",17,385227,0,['Sonora Borinquen'],['1ydZgtUa3wPRwpHNLzz6MV'],2008-6-7,0.776,0.586,1,-5.991,1,0.0384,0.254,0,0.0807,0.648,115.573,4
5n1NGn7RHU30QxQHk0onlZ,Bien Warrior (feat. DJ Krass),47,222013,0,"['Miss Bolivia', 'DJ Krass']","['4xx3PjUWxXY0qEXUdDhrwx', '0Ft52aTdmeD5N2ncuniI0d']",2014-9-16,0.846,0.745,10,-6.629,1,0.0578,0.199,0,0.0488,0.95,138.035,3
0L6D8F3iFGJgqT5EjdoZ8x,Good Beginning,1,220193,0,['Oriental Music Zone'],['7IgLHADCmO8pOUAqR9kTo3'],2021-1-16,0.72,0.0985,2,-13.84,1,0.173,0.949,0.916,0.064,0.51,150.051,4
2U4hdD3EL8I27sf25uh0Xv,Cudzinka v tvojej zemi,47,244000,0,['XINDL X'],['2pQJyBmoLjRouM3bg8doKu'],2014-1-1,0.757,0.596,11,-6.991,0,0.0469,0.101,0,0.224,0.677,142.945,4
0N9Fccu5ESGwWPJ3MU9Yt5,alibababigbass,57,203000,1,['Gleb'],['6P55YsIOHmgooCXGQXcSga'],2021-3-1,0.635,0.671,8,-9.015,1,0.212,0.115,0,0.516,0.429,106.982,4
2H6KDQF2MMsiR4vyNDnOaQ,Nelligan: Act II: Prelude,13,108747,0,"['André Gagnon', 'Daniel Lavoie', 'Dominique Cote', 'Kathleen Fortin', 'Pierre Flynn', 'Richard Séguin', 'Sylvie Tremblay', 'Daniel Bélanger', 'Esther Gonthier', 'Gilles Ouellet orchestration', 'Orchestre Symphonique de Montréal', 'Jacques Lacombe']","['3dhwxSLiJOSyuQI5hSI6yV', '6S4WAihWktrOYeJdslsjcM', '23akPYDJaqpdRi0azAM6PH', '3BiITkS9oPkJfd52Zzb4M5', '6WpZmlaCRlz6u99w6JYjE2', '4uaplzxgAkmohdv30bAFZo', '61loHhm7C7Pg2EOUnvus7q', '3k0HFz1mMtmsaWYsX75MiW', '0OyNQdWyC81kL5Jl7yX67h', '1XHPk0TCTQLPGK4hDI73Bp', '4AcXapei4U7xnWecv9AEBd', '1ZTYJwCWZ5jAegHeVMaFzh']",2000-1-1,0.235,0.158,6,-16.672,0,0.0431,0.855,0.88,0.209,0.0323,49.486,4
6uGllanaOEl5aMRSZXrXJL,o埯斯,20,210904,0,['Eason Chan'],['2QcZxAgcs2I1q7CtCkl6MI'],2002-4-12,0.653,0.875,8,-4.525,0,0.0354,0.132,2.12E-06,0.112,0.737,132.505,4
1vQ6BQkWKHVZJd6nJhBy2z,唯你是不可取替 - Live,36,250733,0,['Eman Lam'],['3SJsybXfmMSrXcwpK56YuU'],2011-12-29,0.505,0.201,2,-16.477,1,0.0697,0.921,0,0.714,0.487,83.084,4
2msgWbc4Q9sY7esGISFiWx,"Um Grande, Grande Amor",32,178360,0,['José Cid'],['1oowLCcSBurZzYTpaR0Ep4'],2008-6-23,0.505,0.712,7,-8.375,1,0.0316,0.19,0,0.817,0.84,141.877,4
5e7sdfY7Qq4vv6PBDEGSeB,"E La E - Live in Sempach, Switzerland, 2012",3,300392,0,['Youngblood Brass Band'],['5QJZUg9ngYII5FkgAGFgW7'],2017-10-6,0.211,0.882,0,-9.423,1,0.337,0.00455,0.0239,0.961,0.422,90.741,4
2gXxA8NvXkv6RoOqkd4rYw,Rasopoulon,19,102080,0,['Giwrgos Orfanidis'],['783Uoql2hVVBZ454DbO3O3'],1999-11-14,0.381,0.404,11,-14.884,0,0.0748,0.464,0,0.349,0.394,143.963,3
4sl6cTE2geMgtm1GdTCOUS,Avatar,22,400825,1,"['Mani', 'Fi Vita Sigma', 'Rio']","['2t6NEGChLyMUnGnW1LupcS', '1tHNXjqv2f4qfAldD1hF5I', '5521NezFH11BqC62R1WCWW']",2011-11-1,0.469,0.433,4,-16.41,0,0.429,0.0761,0.000109,0.15,0.568,93.319,4
5SNxHRzOTTHDFdDSh6Axez,Shanty Man,54,207907,0,['The Fisherman’s Friends'],['0cyEKEh8fQkksmpwLBlZV4'],2002-1-1,0.532,0.132,2,-19.486,1,0.261,0.957,0,0.0832,0.83,176.025,4
6D7P6KUScLkN2IcTu1tbSA,Mississippi Mud,51,202627,0,['Hank Williams III'],['3qf2YoifC68WTsMv1YIGmh'],2002-1-29,0.744,0.795,7,-6.443,1,0.0444,0.189,0.000712,0.195,0.912,145.833,4
6cvxRRxNFyXexKnJBc0a1K,Rise Again (Mix Cut) - Omnia Remix,5,72733,0,"['Ronski Speed', 'Lucy Saunders', 'Omnia']","['3cOY6XMFQ12Q0D6Xif7BZh', '6yXkEpQnC8kNDoSHUa3U66', '0XZkeCAlpiO5qcIlAJzZaA']",2013-12-20,0.416,0.9,2,-7.16,1,0.0309,1.62E-05,0.826,0.221,0.263,131.979,4
2ZyuwVvV6Z3XJaXIFbspeE,Wild Things,64,188493,0,['Alessia Cara'],['2wUjUUtkb5lvLKcGKsKqsR'],2015-11-13,0.741,0.626,1,-4.826,0,0.0886,0.02,0,0.0828,0.706,108.029,4
59SlDgm0IKFbegSUeUOa2q,Somewhere over the Sea - 2017 Version,13,274893,0,["Blackmore's Night"],['5BnNG7QQQDTNd43ozx5y13'],2017,0.288,0.323,2,-9.616,0,0.034,0.722,0,0.226,0.229,179.582,3
41AeGy4sxailCTRajKF3oT,Rise - Acoustic Version,42,235160,0,['Gabrielle'],['7rftfGIYEeZ79sLb58ZBDi'],2001-1-1,0.663,0.324,8,-8.192,1,0.0292,0.71,5.07E-05,0.0842,0.276,132.575,4
3NFkQIacYw5yLHW9N1pTwt,The Balcony,45,232013,0,['The Rumour Said Fire'],['6WwzrdpJKQcGbMpHJfSTWj'],2009-1-1,0.335,0.666,11,-5.655,1,0.0301,0.816,4.96E-05,0.0888,0.518,182.689,4
0CJvDUBeEL1Rmpx7MH28CQ,For You,54,203547,0,['James TW'],['0B3N0ZINFWvizfa8bKiz4v'],2017-10-6,0.703,0.643,7,-5.544,1,0.0706,0.192,0,0.143,0.528,102.059,4
0H1KFrOz2ingjzOPx5BCF4,Undir Dalanna sól,6,202571,0,['álftagereisbr?eur'],['27rpFt3VI7jF78IX9OERqS'],2002-1-1,0.303,0.451,5,-9.57,1,0.0414,0.649,0,0.398,0.492,108.959,3
5b6DkBolW49SWKfVqtnu8P,Live á Gauk á St?ng,17,474012,0,['Skítamórall'],['0yGLmAg3Q8H8yEqWr8TFNy'],2003-1-1,0.471,0.961,9,-6.239,1,0.0931,0.0296,0.000221,0.0573,0.648,141.815,4
4tV0qcT1BDG5uLyD9e0UQq,Tú vilt ganga tinn veg,10,182973,0,['Einar S. ólafsson'],['67vTBKi66VRJOUmOTKUe2z'],2009-1-1,0.728,0.568,4,-7.726,1,0.0849,0.903,0.000323,0.0731,0.583,119.232,4
4EFrKYAOrrT0SC655kD5Ef,Malbik,35,195221,0,"['Emmsjé Gauti', 'Króli']","['46VwdSiSccsgzNhJP9sGhQ', '6yI1aFdfAnjSHaDnHBFAD9']",2019-10-11,0.702,0.608,2,-7.501,1,0.0577,0.276,0,0.0931,0.456,124.052,4
7tNIL53zRMumsAC19iCdrp,Un So?ador,38,212580,0,["Los Roller's"],['7mQa3XflwD72PWFe55CjWt'],1999-5-10,0.671,0.535,1,-7.335,1,0.0469,0.591,0.000114,0.216,0.847,80.002,4
7kDQyYrw2b8xYbuWotdm1Z,???????????,22,313267,0,['Flure'],['3Y1IqMgKZTXjsMyWOuxPPj'],2002-11-20,0.577,0.412,0,-13.099,0,0.0312,0.0546,0.119,0.0991,0.488,98.061,4
0nCOO5T4v2K7Zgr5uBbs5L,????????????????,22,65453,0,['Ocean Media'],['4rB5Y73t2uLCUYYmB3zXqN'],2003,0.524,0.141,8,-15.445,1,0.186,0.957,0,0.709,0.65,114.731,3
6rPIgbac75sYhvmVpvIAWw,Bol Pantolon Ve 70'lik - MRF Edit,49,237571,1,['No.1'],['4fR3W8XFXsqHB8f8IqEr1y'],2009-1-1,0.651,0.662,1,-9.367,1,0.0827,0.0135,0.00136,0.477,0.592,79.014,4
3uokib5yaVbbHSQIpQWLw6,???,32,230973,0,['Singular'],['5uxiKslHBfPTjs7RigWrL8'],2010-10-18,0.49,0.634,10,-6.315,1,0.0355,0.517,0,0.269,0.369,149.632,4
0JStm1Ns9Ya2zQhbqMDYEU,???(??????)??? (Same Page?),58,266750,0,['Tilly Birds'],['4esoPgrgPKbWa6gwU8EGmH'],2020-9-3,0.625,0.77,10,-5.333,1,0.0299,0.193,0,0.149,0.817,95.026,4
2ht9QvYzzSUod5T69TUVbR,1%,46,270138,0,['Stamp'],['4e3QCzBNkr0t3GGqo86Ofl'],2020-2-11,0.628,0.571,8,-7.57,1,0.035,0.577,3.04E-05,0.117,0.523,116.089,4
5jbz1Pwz06o9fPMYFrmTOP,Varherres Klinkekuler,33,187600,0,['Erik Bye'],['1qqBCY3Scz9Ea1mjkCDgaZ'],2004-1-1,0.519,0.25,11,-12.242,0,0.0594,0.915,0,0.126,0.345,92.713,4
4yAcdHEdXi0FKTlUrl2h8c,S?ng om ingenting - Radio Edit,46,221520,0,['Kobojsarna'],['2f6nzgQYDhQMVeHgDfuWJy'],2007-2-10,0.596,0.983,9,-3.639,1,0.227,0.00953,0,0.383,0.681,139.998,4
29rYw4TXmYwRlBO2Voy8w1,Self-Fulfilling Prophecy,37,199667,0,['Maria Mena'],['3rTRHzFfbTk5GL3LpYZGHR'],2008-7-10,0.3,0.185,9,-12.764,0,0.0366,0.934,0,0.116,0.312,100.779,4
5G8C27zpJ2EuWjtpG2R3Mq,Linje 1 (feat. Pelihagen),42,187960,0,"['Huemist', 'Pelihagen']","['2ihAcaq0chwLggW9C6sJPm', '0jFY3q6zqa6wgnxQMZJqvF']",2017-3-26,0.864,0.728,11,-9.881,0,0.506,0.19,0.000998,0.288,0.783,118.023,4
1RYWmR7ek46644nbGim3a9,Party In The U.S.A.,0,202733,0,['Miley Cyrus'],['5YGY8feqx7naU7z4HrwZM6'],2021-4-13,0.66,0.701,10,-4.649,0,0.0405,0.00112,0.00016,0.0871,0.436,96.002,4
4oKxYjLCnXbfEGB63C1MvC,Whatever U Like,45,233147,1,"['Nicole Scherzinger', 'T.I.']","['40xbWSB4JPdOkRyuTDy1oP', '4OBJLual30L7gRl5UkeRcT']",2007-1-1,0.691,0.675,10,-4.642,0,0.0616,0.168,0,0.16,0.509,92.965,4
3lBq3DlImAp4dXuuqeclBw,Точно никога,23,259093,0,['Galena'],['5M7RMcbgYy45XzC51HU355'],2015,0.687,0.739,5,-6.298,0,0.0783,0.0099,1.28E-05,0.323,0.347,149.982,4
0fIYjL9GikBG6VCwCKwWrZ,Eres Lo Que Quiero,29,216480,0,['Marques'],['4k5XJa1mHBuKNvx4zt4Ogc'],2016-8-18,0.716,0.743,9,-6.328,1,0.0378,0.226,0,0.0942,0.845,99.993,4
7lyXf1Eyjvhl3YryECX9tR,G?nül Der Yar Diyar?,35,188907,0,['Ninnilerle Rüyalar'],['03O20v4ZzI6CQnlK36O6f1'],2005-1-1,0.229,0.115,2,-18.355,1,0.0383,0.953,0.0142,0.0897,0.227,79.339,1
2Lv65RoN08sg7Xcd35d9hF,Senden Daha Güzel,33,249429,0,['Duman'],['6RTC1abMgBC7Krg6qJQHJh'],2011,0.465,0.7,4,-6.184,1,0.0424,0.0551,0.00023,0.842,0.614,177.361,4
63kZFQZCqHkiiw4V3RYQuq,Sar? Kurdeleler Akustik,38,285538,0,['Model'],['23xJQJM7peht77DF6YNEoq'],2013,0.63,0.345,7,-8.634,0,0.0318,0.765,4.27E-06,0.411,0.596,155.082,4
4y8CGk4b82y7JrVIkxB1gF,Duy Sesimi,42,253424,0,['Ekin Uzunlar'],['35ngoeYRyOveM0rPvahkot'],2016-12-16,0.678,0.837,1,-4.917,1,0.0507,0.479,0,0.186,0.664,100.007,4
2XESFfYekQ0mRau2GXjT3E,Air Max,61,205554,1,"[""Rim'K"", 'Ninho']","['2eh8cEKZk4VeruUrGq748D', '6Te49r3A6f5BiIgBRxH7FH']",2018-7-25,0.83,0.604,1,-7.23,0,0.425,0.35,0,0.098,0.517,141.987,4
0YU6FVI48ZByDkOV5RG77w,Кофе,29,166893,0,['Lumen'],['7tQd3Qyg1i6U9FS1tNb0ne'],2003-6-17,0.49,0.639,0,-5.743,1,0.0356,0.00856,2.22E-05,0.0934,0.452,80.048,4
1gOS4zFaWJoBIkc9fMayQw,Колхозники,41,113653,1,['Krovostok'],['0ksNNF08VvPbHDXN06mrYa'],2008-1-1,0.655,0.567,0,-13.359,1,0.507,0.592,0,0.392,0.829,81.748,1
2eW3Q0bpOZ3nnKcovaupaN,The Space Traveler,0,263133,0,['Palaraga'],['6IVVWIGLHJMLCc5ED7QOai'],2018-10-21,0.609,0.543,6,-7.532,0,0.0588,0.0108,0.841,0.22,0.481,166.013,4
4yleQpDbc6PFa71JAsY4ir,Ода нашей любви (Вдох-Выдох),47,240000,0,['T9'],['3GthHcpI5G7c8XaJX2oWLd'],2009-3-8,0.679,0.653,2,-5.485,0,0.0621,0.0234,4.33E-05,0.319,0.403,148.033,4
7MMIqxwTSjyURvFdjJpp1b,Кругом тонирован,39,234987,1,['AK-47'],['1V662Xly7vfsecWoSbsBtT'],2009-9-1,0.745,0.549,9,-6.741,1,0.329,0.861,0,0.131,0.58,85.922,4
6zSLrRCjeVfbApM20MBvpl,SHINOBI,61,149380,1,['OBLADAET'],['1hwKCeSXpLrh4OQND6iQHw'],2021-3-26,0.685,0.756,8,-6.415,1,0.243,0.427,0,0.226,0.517,145.942,4
6ntiekXTE3bBJDue1KQJON,Tonight,28,205413,0,['Negrita'],['0Tuudqq2NACRXkvTQGazY2'],2003-2-28,0.57,0.939,6,-5.993,1,0.0489,0.00393,0,0.0508,0.736,118.999,4
47k7P3uY2uTTnnxD1tyyWX,La Camisa Negra,35,196267,0,['Fabrizio Ferri'],['268876q7CKAxk5ZYUx5cav'],2005,0.699,0.846,5,-5.891,0,0.0345,0.392,0,0.303,0.956,103.018,4
3CxFt7ONHGfR5ls3JQqtV8,Vip In Trip,48,236253,1,['Fabri Fibra'],['7u710e44HW3K7A5eTnRqHC'],2010-1-1,0.855,0.804,9,-3.358,1,0.122,0.0847,0,0.64,0.888,113.991,4
4U6SPgHZEoIsIELN0BveGv,Il Sesto Elemento,39,188779,1,"['Gemitaiz', 'MadMan']","['4upwdFMlZBmQ68jP9jPzjK', '3MkkSf3u5KU52Mb2iMrqeX']",2014-5-27,0.71,0.883,10,-3.29,0,0.265,0.103,0,0.55,0.523,143.973,4
5fjEj7RX48WjsXj2nSbxeU,Polvere da sparo,65,201600,0,['Gaudiano'],['3HLqxXa4LfV65VWQFGvt7g'],2020-11-12,0.7,0.635,2,-10.16,0,0.1,0.413,0,0.346,0.483,112.037,4
6fbAh4zHaOmMovx2GE94Wb,Luar Biasa (feat. Alif),40,206400,0,"['Ismail Izzani', 'ALYPH']","['63Ns0cyE751e5RlTCS2lpO', '3qeuv2ijwaAcbX3KVMJfuj']",2018-3-16,0.746,0.401,7,-9.36,0,0.0482,0.174,0,0.089,0.393,100.065,4
38td8VabuKlQt72Q2VnhbO,134340,68,230063,0,['BTS'],['3Nrfpe0tUJi4K4DXYWgMUX'],2018-5-18,0.664,0.688,11,-6.466,0,0.0543,0.153,9.14E-05,0.173,0.65,106.022,4
0ctme1EhuFebWuXhxeg5u3,雨水我你,35,264947,0,['蔡秋P'],['5jZkkQlg3sVBkz7iqR5O5a'],2003-11-1,0.41,0.558,1,-4.536,1,0.028,0.289,0,0.174,0.367,175.879,4
0TuhGd9pP1kjWHoFSIseJh,偶然,22,249560,0,['Zhang Qing Fang'],['1Op5w4ztYgqOsN8KydGEfp'],2003-8-1,0.469,0.268,11,-13.1,0,0.0375,0.526,1.06E-06,0.155,0.197,85.513,4
2JbWvf1QpAlaN5Q5yvALXQ,一cc,37,222106,0,['Jay Chou'],['2elBjNSdBE2Y3f0j1mjrql'],2016-6-24,0.496,0.418,7,-7.499,1,0.0279,0.134,2.55E-05,0.0661,0.147,133.991,4
1D4hkI6BFLiFzzEYgMqDhd,Pepita,35,236160,0,['Bosquito'],['1Y9row3Tp5bSKkcDSj1LJ9'],2001-1-1,0.548,0.775,0,-9.914,1,0.0663,0.0633,0,0.34,0.8,176.117,4
18Kr4gZdrzuHDmVZKbB1nS,Asa Suntem Noi Barbatii (feat. Play AJ),25,270408,0,"['Vali Vijelie', 'Play Aj']","['36Pv4nrbKXaEZHJinKrGDx', '36hIfg6Y1DjqnYlV2ZiF4s']",2013-12-3,0.746,0.888,9,-5.834,1,0.0497,0.0534,0,0.0608,0.968,152.013,4
4ppuNvMbBGVtCfXKmlfxSi,Dati-I Sa Bea,45,188003,0,"['Nikolas SAX', 'Lele']","['1YMrqJ1if4wmBE8CxnqLLt', '1vVemTBdqWTcJ0zCc0Oa6G']",2021-3-12,0.774,0.806,11,-3.81,0,0.105,0.26,0,0.25,0.882,149.908,4
3Bxnm5Alk1jnDXZ3Qv6QVd,Investesc,41,188153,1,"['Azteca', 'Erique']","['5ysOQVQHHU9GJZBKmZMRHv', '6MgUVdFgFohA5SlpdB6I67']",2021-3-26,0.769,0.556,10,-9.204,0,0.571,0.242,0.212,0.131,0.174,176.035,4
1ax8BZTOFj4yrDiyk7N8qn,Dust In The Cartridge,0,450493,0,['Qbical'],['0GqjIm6Jwa7kVAKwNPgaPv'],2015-10-12,0.764,0.726,10,-11.087,0,0.0513,6.30E-05,0.894,0.0749,0.167,126.001,4
6TOdytvQYbIePWO6Vqi9ew,Se Supone,47,181573,0,['Alberto Y Roberto'],['0OPjgWTre3WA03VewbWbm8'],2001-1-1,0.606,0.52,7,-7.38,1,0.0337,0.548,0,0.104,0.482,138.086,4
4WLBbFY3jON97NHf7gh5OO,Que No Se Apague La Lumbre,52,166107,0,['Los Invasores De Nuevo León'],['5CGtBYmVPeLhI1kM2Fn9Gv'],2004-1-1,0.556,0.311,8,-12.084,1,0.221,0.689,0,0.0986,0.95,187.88,3
3V47MeZFqKMxBlxaF3wqRq,Las Mil y una Noches - Primera Fila Flans (En Vivo),48,254267,0,"['Ilse, Ivonne y Mimi']",['3d79GDviyp0nkS5hPDlBKX'],2014-9-30,0.659,0.798,3,-7.051,0,0.0277,0.00867,0,0.865,0.567,113.986,4
6nDodWA5cMsBsYxcogLVFR,Guri,41,250400,0,['Gaúcho Da Fronteira'],['0Vhz3C3dfsDd7qntznS6qR'],2007-1-18,0.361,0.58,4,-5.297,1,0.0612,0.529,0,0.209,0.564,203.986,4
33hdctt49iF30xjg7IpZb8,Amar como Jesus amou,50,312493,0,['Padre Marcelo Rossi'],['0BLa22ZCJcTxW78hoNlFA9'],2011-8-30,0.549,0.547,3,-8.611,1,0.0251,0.565,0,0.074,0.357,99.97,4
50KzUnn80DNmBJJPx0Rynn,Cocaína,47,298653,1,"['Sabotage', 'Sombra', 'Bastardo']","['5deK5HnwbEKvge2svL0i0B', '0OtKvGWjO3Caw35qz10qZC', '4THQhY6KKITR18F5KAvQYV']",2014-11-20,0.901,0.708,1,-7.171,0,0.27,0.133,0,0.171,0.805,90.978,4
3NzXYS0HZe26FLnklXpGjb,The New Year,0,210491,0,['Gardener'],['2zgKMjshZovsxt4v0XynHD'],2020-12-27,0.476,0.0689,0,-22.031,1,0.0481,0.967,0.388,0.0793,0.218,106.801,4
1lmcHmrnwCl21OcPRY3ZVb,Asas,54,274840,0,['Luedji Luna'],['0sWTkzCrdEvuX7Du6MFLzc'],2017-10-26,0.644,0.258,9,-16.057,1,0.033,0.941,0.0199,0.0937,0.354,93.818,3
2xK5QiyUZufKPSvB7bLHxa,Vem - Ao Vivo,55,194631,0,['Atitude 67'],['1vp5pm1DluN0sNXx4tMZzo'],2018-9-5,0.707,0.87,7,-5.404,1,0.106,0.609,0,0.479,0.803,176.033,4
4Kon7yTUS9zSf5Ev6iucGj,A Bela e a Fera 2,54,217263,0,"['Xam?', 'CMK']","['5YwzDz4RJfTiMHS4tdR5Lf', '6QmnOxsr8M6iD5Zqpb2src']",2018-5-24,0.696,0.629,0,-9.173,0,0.0916,0.349,0,0.309,0.416,95.032,4
5Taf5Hg5m31VoFXLplRAmn,Sua M?e Tá Nessa - Ao Vivo,70,164544,0,['Lauana Prado'],['6TYimByryGphZCtwYopH0y'],2020-10-15,0.701,0.753,5,-3.263,1,0.0318,0.177,0,0.842,0.702,108,4
0lp3u9nJusd5l8aKPAWELl,Mais Um,70,168258,0,"['Felipe Araújo', 'Matheus & Kauan']","['47uyFQHOD02S0lj9ptRpoB', '2Z0lRIqr997lIUiPtrpKCr']",2021-2-25,0.766,0.793,6,-4.427,1,0.0477,0.421,0,0.093,0.73,126.975,4
5hALSggfcyvBNLUHY8pvZd,Who's That Girl?,54,282067,1,['Eve'],['4d3yvTptO48nOYTPBcPFZC'],2001-1-1,0.782,0.861,3,-3.813,0,0.181,0.0158,0.000532,0.0675,0.518,96.458,4
2CJlJKDRC3QXz070NHwaQQ,Sorry For Party Rocking,42,203973,1,['LMFAO'],['3sgFRtyBnxXD5ESfmbK4dl'],2011-1-1,0.6,0.877,5,-4.351,1,0.165,0.00213,0,0.413,0.55,133.998,4
6SUocL0caib4mLHe8ZrZzi,Sun Comes Up (feat. James Arthur),62,232627,0,"['Rudimental', 'James Arthur']","['4WN5naL3ofxrVBgFpguzKo', '4IWBUUAFIplrNtaOHcJPRM']",2017-6-30,0.619,0.858,10,-5.28,1,0.0929,0.00791,0,0.173,0.23,106.017,4
5JmDlK78NxQiUF3dBThvRv,Diraba - Raba,33,414253,0,['Vetty Vera'],['16Y5sbfVzjIpoWksD5x32B'],1999-7-17,0.728,0.543,5,-10.082,0,0.0268,0.38,3.94E-05,0.153,0.836,102.552,4
4xXPYBSOErpgRy6wz0wsus,Jalan Datar,37,312760,0,['Adibal Sahrul'],['6cY6re9VEKEiZEsuAnEpEE'],2001-6-6,0.503,0.55,2,-6.737,0,0.0253,0.0296,4.09E-06,0.118,0.305,102.05,4
3jfHZP6CyqUZN1WlBr8so8,Surah An Naba,29,206213,0,['Saleh Illa Talib'],['2Z2Af1f3nx9QZqbEsbj08C'],2004-1-1,0.291,0.612,8,-6.204,0,0.0512,0.968,5.48E-06,0.66,0.504,66.489,3
2WlgmHVhh6O2tRAmshBd6M,You Are The Reason,54,203288,0,['Alex Porat'],['3aROeSNBd69DWHpcyyMOcI'],2020-1-24,0.362,0.0951,1,-11.421,1,0.0339,0.949,0,0.0964,0.255,171.105,3
5yTqY9rbuv1M6YAVxmKPVn,Mon ame,50,266387,0,"['Nekfeu', 'Sneazzy']","['4LXBc13z5EWsc5N32bLxfH', '1cA379ILgR07m7XQVXyP6Q']",2015-6-8,0.861,0.535,5,-7.554,0,0.0608,0.439,0,0.0684,0.704,106,4
7tWc8HZfqJSZoK7uukmw8X,Liquide,58,158295,1,"['Shay', 'Niska']","['3MNnSV5hDd2UzZzgqD8xlU', '7CUFPNi1TU8RowpnFRSsZV']",2019-5-10,0.715,0.626,1,-5.641,1,0.43,0.307,0,0.116,0.818,173.945,4
0Vnw5XZAHDiTSG1x29yox5,One,46,231867,0,['Johnny Cash'],['6kACVPfCOnqzgfEF5ryl0x'],2000-1-1,0.514,0.497,0,-8.146,1,0.0271,0.614,0.00418,0.387,0.417,93.836,4
4yBKrzpFKwpHZmBUfhpG3J,Si Te Vas,47,331840,0,"['Los Huayra', 'Abel Pintos']","['796YUyTCTkXZAZg4CLUoWl', '6HTUcOExehqydqa7C3usAa']",2013-7-11,0.359,0.776,2,-8.285,0,0.0356,0.0734,0.000832,0.811,0.357,155.005,4
5r77OVhROy8lMBSGlex5oP,La Vueltita,49,145580,0,['DJ Alan Gomez'],['6oMRQ5H3A2XA5I3RG3leni'],2018-12-25,0.757,0.482,0,-3.261,0,0.0794,0.0988,0.00206,0.142,0.469,152.634,3
36Bd1tTBgamtk1ewkneYND,Rocas,37,258933,0,"['Gran Rah', 'Jesteinritmos', 'Stailok', 'Portavoz']","['6JjrF0EnCW3Ylj9gj3FXWZ', '3ui11f5hyaFWgBjEkZxDak', '3raEZI89hszEBTTvb5wLsi', '271TPCWy79Q4utmSP6uSQg']",2012-9-10,0.633,0.912,6,-3.462,0,0.237,0.254,0,0.39,0.693,89.287,4
44yaZDMvWzC3Ki9N1CNZKc,Por Esa Mujer,27,228000,0,['Deszaire'],['45KlD9kfCouyPINcMgPfdQ'],2016-5-20,0.507,0.923,10,-2.314,1,0.107,0.0618,0,0.293,0.879,166.178,4
57lRiv0RlCe3xTwtuh4qiE,Lifesaver,52,238280,0,['Sunrise Avenue'],['1osZFzamKEXNoYk7HzWbDe'],2013-1-1,0.454,0.682,6,-5.031,1,0.032,0.00743,0,0.17,0.276,148.062,4
463oFGElXVcP8ueC72zvMj,Stoff und Schnaps,59,146000,1,"['Lil Kleine', 'Ronnie Flex']","['3AlRiyjMywTVNzTcHbf9QT', '5eir5zFJpES4j7gsymbVyl']",2016-7-8,0.941,0.807,11,-4.588,0,0.0564,0.0506,0,0.0833,0.761,120.041,4
4R6OANdWnhMM9Asu3zjxK6,Mesmerize,44,282493,1,"['Ja Rule', 'Ashanti']","['1J2VVASYAamtQ3Bt8wGgA6', '5rkVyNGXEgeUqKkB5ccK83']",2012-1-1,0.769,0.656,1,-6.561,1,0.181,0.0508,0,0.301,0.391,90.029,4
3n70FOlaW0hON3M81CPRBI,Golden Years,39,178253,0,['Bliss n Eso'],['1xSSjJrKTO2ZNPU81uLtmI'],2010-7-30,0.524,0.712,9,-7.453,0,0.0839,0.0955,0,0.0778,0.341,120.009,4
3XwIZQ9cHCNc0czvJka3II,092 - Todesflug - Teil 05,35,87760,0,['Die drei ???'],['3meJIgRw7YleJrmbpbJK6S'],2000-10-9,0.668,0.649,2,-10.23,0,0.94,0.239,0,0.549,0.275,85.726,3
0BAeOswy8zqael94JgdGFQ,Der Mai ist gekommen,47,113127,0,"['Simone Sommerland', 'Karsten Glück', 'Die Kita-Fr?sche']","['04yr1h3maDSKvM08pgOezF', '5Asmk7uzCjVJN77MLDnvma', '2yOGWPXuL8wG3F1q5FWmep']",2014-2-21,0.865,0.49,4,-6.465,1,0.0594,0.574,0,0.14,0.511,116.924,3
4evBstxz9WhpiWoIUGBSsf,Ha Megüt?m A Fonyereményt,18,220733,1,['Matyi Es A Hegedus'],['6scgON5Pva5MMPwmy5x538'],2005-1-1,0.745,0.976,0,-6.199,0,0.0777,0.0965,0,0.484,0.946,147.971,4
5rjQDCbzpreDnOdzDp42HM,Távol A Cél - From "Herkules",17,202307,0,['Zeneker Team'],['1TXx9NoJjeExS2JYSeaMay'],2005-1-1,0.181,0.237,9,-12.176,1,0.0329,0.922,0.00758,0.0984,0.169,84.046,4
7lBHNPEfBW3fXplZSPvncv,Kottaz?r,23,231902,1,['Akkezdet Phiai'],['54ARPDPoNgxDl5NbPzjQMh'],2010-4-20,0.761,0.86,10,-3.095,0,0.258,0.282,0,0.318,0.817,89.885,4
0Z550M9Lf8Nogp1oDdH2Bt,Звезда по имени Солнце,41,227400,0,"['Kino', 'Viktor Tsoi']","['2jkl2xJVm71azWAgZKyf42', '4dngB44yGo3ErubxhE1bUW']",2017-6-21,0.793,0.587,9,-9.331,0,0.0441,0.0085,0.00172,0.0474,0.968,117.693,4
6DpNW0DW16l92pLLOg9dzw,Kannukkulle,37,283680,0,['Unni Menon'],['1EYD74wB45dOQXt27hh144'],2000-5-22,0.705,0.495,7,-12.39,0,0.0367,0.265,5.73E-06,0.219,0.646,87.942,4
3Ngb9Ma9dVCSEXQUmBDC22,Por Besarte,40,217400,0,['LU'],['1G4QsyR9Fj6k8JJK233X8C'],2004-2-10,0.443,0.784,6,-4.433,0,0.0422,0.193,0,0.0717,0.525,176.06,4
2jlPMNMojBNtGZTnSuXItA,Something Wrong,37,208413,0,['Prateek Kuhad'],['0tC995Rfn9k2l7nqgCZsV7'],2011-7-15,0.564,0.384,9,-8.651,1,0.0289,0.729,1.76E-06,0.185,0.188,90.123,4
3XXWxfOUxY9L2R6vVpO05T,Milo Na Tum,49,211296,0,"['Lata Mangeshkar', 'Gajendra Verma']","['61JrslREXq98hurYL2hYoc', '1yzgJmZf5CxtFfGfRFm4Si']",2019-9-10,0.752,0.586,8,-6.526,1,0.0518,0.158,0.00651,0.253,0.3,92.009,4
77riTlvCLV3K8O0glNiQ8B,Surma Surma,56,215951,0,"['Guru Randhawa', 'Jay Sean', 'Vee']","['5rQoBDKFnd1n6BkdbgVaRL', '4pADjHPWyrlAF0FA7joK2H', '5aLCSARkIADqbSrMOrunOH']",2020-2-18,0.734,0.909,10,-4.4,0,0.124,0.258,0,0.0657,0.691,95.989,4
4cLxkArYkff75dA4RsRYxe,Ocelova Parta,34,298733,0,['Dymytry'],['74jZjGsZ4aBEZbtrvytbIZ'],2012-8-15,0.543,0.981,0,-3.716,1,0.11,7.84E-05,0.000919,0.34,0.327,125.002,4
6XwHT7kHW1zAbvLvKR3bqD,Huwad,40,298813,0,['Crazy As Pinoy'],['499yCKP09gv5RgTRaPQfBn'],2005-1-24,0.868,0.417,0,-8.935,1,0.106,0.0835,0,0.127,0.504,143.944,4
5RsBwPzaG3gZJIQ3TuH1T8,Vacuum Cleaner Sound (Soft),51,160704,0,['ASMR Baby Sleep Sounds'],['1z1W2I5RQoKCphriISKeeJ'],2019-12-18,0,0.000137,0,-13.265,1,0,0.619,0.993,0.261,0,0,0
2Jg7M6GgJkBUhk1CxRgtGF,L?kke ??res,17,205333,0,['Mikk M?e'],['5VwaZFgNvI1CNujMKYTqPs'],2015-12-3,0.644,0.768,6,-3.997,1,0.0358,0.0295,2.13E-06,0.332,0.437,121.428,4
6DtR1O5yAZx7rlMgTBzh8S,Las Venturas,33,168587,0,['Nublu'],['2cNMMulo6S2a0tHrwX2s6i'],2020-12-14,0.714,0.767,11,-6.884,0,0.0925,0.0141,0.00294,0.363,0.515,94.982,4
22SA1mTprNP16iM0FnV4VH,パ`ル - Remastered,29,224267,0,['THE YELLOW MONKEY'],['1xCdTZ5Wu70H6YwsmpgmHg'],2000-7-6,0.467,0.941,11,-3.553,1,0.0635,1.63E-05,0,0.264,0.593,123.005,4
2DP1HBd70hKwgNxQwMaG8z,The Scare Floor,28,161333,0,['Randy Newman'],['3HQyFCFFfJO3KKBlUfZsyW'],2002-3-6,0.584,0.355,2,-9.782,1,0.0281,0.495,0.375,0.106,0.399,99.861,4
0CFnq5TCb4GATWT3MLRsNA,Ride Wit tha D.S.C.~Just Like Me~,23,292733,0,['DS455'],['0Ga0SLTYwytw9auNwyqBQF'],2002,0.845,0.675,6,-3.303,0,0.0646,0.103,1.39E-05,0.133,0.776,89.99,4
2Uyz4r0IwXlZIVbkTEASPk,rise,46,328161,0,['Origa'],['08pXfHf1e4hLeDz1BgmOqL'],2011-3-30,0.461,0.945,5,-7.287,0,0.153,0.00595,0.000229,0.327,0.342,146.082,4
6mMCJ2M6FiU7Sp2I3Aek37,S.D.I - 2012 remaster,7,255960,0,['LOUDNESS'],['2bjzKs28cL5EVKB0xqUGuJ'],2012-1-18,0.306,0.997,2,-3.997,1,0.144,2.30E-06,0.512,0.386,0.259,141.524,4
0BYIoZmj58ibykXiHWRIwZ,words,36,354493,0,['Aimer'],['0bAsR2unSRpn6BQPEnNlZm'],2013-11-20,0.426,0.606,6,-7.481,1,0.04,0.0919,0,0.365,0.391,139.993,4
0s4EvyKyMjbQs2fdTHAHFs,Roly-poly 2|ダンゴムシの脱皮,0,44480,0,['Ryuichi Sakamoto'],['1tcgfoMTT1szjUeaikxRjA'],2015-1-17,0.399,0.263,4,-20.54,1,0.0692,0.979,0.85,0.103,0.0361,66.747,1
5lwgvPvJy36aZRsqeOtm7C,IMPACT,40,265040,0,['UVERworld'],['6m14xgA0m3w92UM7ujJgky'],2014-7-2,0.541,0.92,2,-5.323,0,0.151,0.000462,0,0.298,0.395,137.017,4
6glcoO077gTGhgdVI9X5wA,ミスタ`?ブル`スカイ,51,233891,0,['Macaroni Empitsu'],['1t17z3vfuc82cxSDMrvryJ'],2017-12-7,0.387,0.847,3,-2.835,1,0.0468,0.0726,0,0.0808,0.535,117.914,3
2Gmyw5Vg2X5YW2lM3OC7nD,春を告げる,75,196497,0,['yama'],['7kOrrFIBIBc8uCu2zbxbLv'],2020-4-17,0.548,0.871,11,-5.377,1,0.123,0.0397,0,0.357,0.487,120.009,4
3e3cihnKkrHu09K8ebXYHf,Somebody's Somebody,23,190964,0,['Daniel Balthasar'],['1XRJpXCqBW76nqLsPPtggS'],2020-12-11,0.721,0.619,9,-9.693,1,0.0305,0.0395,2.47E-05,0.0778,0.918,130.042,4
3iy303m0jEXopCeXACJW7D,Przesta ?ni?,17,391827,0,['Brygada Kryzys'],['7E5FxSmZclVL7goPlQXQIe'],1999-12-31,0.375,0.976,4,-9.179,0,0.0834,5.93E-06,0.923,0.075,0.251,90.035,4
02y0UFWvFdMf9dHORF66j9,Zaszczyt nam przyniesie to - z filmu "Mulan"/?cie?ka d?wi?kowa polskiej wersji,31,183360,0,"['Miroslawa Krajewska', 'Teresa Lipowska', 'Katarzyna Pysiak', 'Chór Zenski']","['2M8Yt7Frxye2UG3jBjZWqy', '6IwOXbMWNfaOa469Xuv9Er', '5u8LBEh8ngrQ4MSB9ELMm6', '13V5jPZ5k5UZtqorNvQ4f5']",2003-1-1,0.528,0.428,7,-11.73,1,0.0426,0.267,0,0.0771,0.583,84.065,4
3NqIRPzfhTT1sXoEwJNuYd,Tak Blisko,40,182573,0,['Rafa? Brzozowski'],['1ga5PpNASlqWvEPJZW3r7N'],2012-1-1,0.708,0.776,2,-6.433,1,0.03,0.0343,1.95E-06,0.263,0.848,99.032,4
4Bic84zcccMWK9QaN6Wxed,Ibiza,52,126793,1,"['BLACHA', 'Chivas']","['71tiWMKZ5wpl6E0BdwVQza', '1fZAAHNWdSM5gqbi9o5iEA']",2020-9-2,0.733,0.669,5,-8.587,0,0.085,0.504,1.13E-06,0.222,0.631,144.979,4
3k3KreYBi1P4TBD5yh0K8U,Feelin' So Good (feat. Big Pun & Fat Joe),35,325867,0,"['Jennifer Lopez', 'Big Pun', 'Fat Joe']","['2DlGxzQSjYe5N6G9nkYghR', '2Xu7q46Hf02xOoEIm4E1Qs', '3ScY9CQxNLQei8Umvpx5g6']",1999-4-20,0.736,0.839,10,-7.957,0,0.059,0.0044,0.00762,0.0742,0.86,107.754,4
0GwJjZU6g9hahAxoqu0VUv,Yakap,36,216973,0,['Junior'],['5g3B6vce2x5AGRetu3ViYv'],2008-3-5,0.615,0.481,7,-8.886,1,0.0238,0.589,2.88E-06,0.0518,0.404,99.358,4
6bcYu9lbCHcPgL3pkkvgwN,"Rockenroll, bl?a ?gon - Igen",36,246467,0,['H?kan Hellstr?m'],['3H7Ez7cwaYw4L3ELy4v3Lc'],2002-10-28,0.345,0.492,9,-6.531,1,0.036,0.874,0.00114,0.0895,0.346,129.531,3
19RCzCRRAaIVVSf2WDtVRB,Bakom Spegeln,38,172133,0,['Radioaktiva R?ker'],['7j4RimWxVqLWTtWtmEf2Qd'],2003-8-1,0.292,0.831,9,-4.216,1,0.0384,0.0577,1.21E-05,0.174,0.546,174.032,4
6JxtniBLCc0R8fqEjqztzC,Upp och hoppa (feat. Headline),39,161080,0,"['Frida', 'Headline']","['29arE7CIm3KL75GqajaVa7', '328qSw6uVNpOOElUjOjuFt']",2008,0.764,0.903,7,-4.762,1,0.112,0.32,0,0.25,0.964,110.026,4
3BvheqhKGQgFMSiiJh6ayj,Bleeding Out,49,221053,0,['Imagine Dragons'],['53XhwfbYqKCa1cC15pYq2q'],2012-9-4,0.299,0.754,5,-4.078,0,0.0732,0.0195,1.30E-06,0.103,0.295,169.373,4
64ppdJ0fax7OJjWPDWPxC8,Utanf?r din d?rr,43,243053,0,['Stiftelsen'],['00PLVqZ4oaOmbI4lacLUBO'],2013-1-1,0.714,0.707,6,-5.424,0,0.0245,0.269,1.57E-06,0.0846,0.175,109.991,4
2Q4yLtjb95bCqmdZjBie8w,Fest i hela huset - feat. Sweden Big Brother House,45,171093,0,['Basshunter'],['37DdwREpvvQHmGLFEZ4h0Q'],2013-7-22,0.722,0.915,0,-3.319,0,0.0532,0.0401,0.00512,0.175,0.646,135.063,4
2w2MYmJ9RZf94DgTJeMYTl,Standard,42,124706,1,['ODZ'],['295SPRt7YTtIPdYoMkkF7K'],2015-7-23,0.787,0.421,7,-13.543,1,0.359,0.378,0,0.0885,0.552,101.841,4
